id,text,date
1179072369987592193,"Motoladr√≥n de la zona de San Juan de Dios, se dice llamar Manuel Alejandro.

Polic√≠as lo interceptaron en la avenid‚Ä¶ https://t.co/Ja6bhbHY2V",2019-10-01 16:35:33
1178802842376605696,"RT @Jalisco_Rojo: ""La Kimberly""
Est√° fina mujer fue detenida con cristal y mariguana en San Miguel El Alto @INSEGURIDAD_GDL https://t.co/78‚Ä¶",2019-09-30 22:44:33
1178527334095376384,"RT @drianagm: @911Jalisco Cuidado. Motociclista RATERO Placas L6DE3, moto blanca, casco blanco. Me acaba de tirar de la bici y se llev√≥ mi‚Ä¶",2019-09-30 04:29:47
1178520185894047744,"RT @PoliciaTonala: Dentro del recorrido de vigilancia en la colonia Centro #Tonal√°, logramos detener a H√©ctor ‚ÄúN‚Äù, el cual es plenamente id‚Ä¶",2019-09-30 04:01:22
1178519928757985283,"RT @PoliciaTonala: Dentro del recorrido de vigilancia en la colonia Infonavit la Soledad #Tonal√°, logramos detener a Carlos ""N"" quien circu‚Ä¶",2019-09-30 04:00:21
1178368383915560960,"RT @hederzona3: Esta madrugada se present√≥ una agresi√≥n contra elementos de la Polic√≠a Vial en un puesto de alcoholimetr√≠a; el sujeto, tras‚Ä¶",2019-09-29 17:58:10
1177988597716094976,"RT @ManuFC699: 27 septiembre
Un sujeto roba y maltrata a una perrita de la raza malt√©s en calles de la zona de Valdepe√±as en Zapopan.
@INSE‚Ä¶",2019-09-28 16:49:02
1177977326958776320,@ivanzetter @Jalisco_Rojo https://t.co/0NEBnsjMRI,2019-09-28 16:04:15
1177974169989894145,"Tres cuerpos envueltos en plastico fueron encontrados esta ma√±ana en carretera a Saltillo km12 en Zapopan, junto a‚Ä¶ https://t.co/2VgQm3jIW8",2019-09-28 15:51:42
1177972676704387074,RT @AlertaVialZMG: C√°mara de seguridad capt√≥ el momento en el que este par de mujeres roban varias prendas al interior de una tienda de rop‚Ä¶,2019-09-28 15:45:46
1177972426266660865,@JosueFunko @Jalisco_Rojo @AlertaGDL SI,2019-09-28 15:44:46
1177700154008207361,Dos sujetos asaltaron una cafereteria ubicada en Cruz del Sur y Lopez de Legaspi @AlertaGDL @Jalisco_Rojo https://t.co/G3Z8vNsh5W,2019-09-27 21:42:51
1177679097717125120,Motoladron detenido en la colonia Lafayette es vecino de la colonia Mezquitan. https://t.co/K67jMF6Kvl,2019-09-27 20:19:11
1177642264689922048,"RT @NTelevisa_com: ""El Chicken"" era presunto asesor de Gonzalo Mendoza alias ""El Sapo"", jefe del grupo criminal CJNG en la regi√≥n occidente‚Ä¶",2019-09-27 17:52:50
1177600795677560832,RT @AlertaVialZMG: #Video Un motorat√≥n roba el celular a una persona que realizaba una llamada. Esto sucedi√≥ en la calle Francisco Rojas de‚Ä¶,2019-09-27 15:08:03
1177448227018166272,Tambien robo en otro negocio de la zona centro. https://t.co/mU9LLVx3iw,2019-09-27 05:01:47
1177445021919789058,Esta mujer robo una bolsa dentro de un negocio en la calle Lopez Cotilla en el centro de Guadalajara. https://t.co/PnjJpToUaJ,2019-09-27 04:49:03
1177431501568454656,"RT @Jalisco_Rojo: Detenidos sobre Javier Mina a su cruce con Plutarco El√≠as Calles, tras ser acusados de robo de vehiculos.
Si los reconoce‚Ä¶",2019-09-27 03:55:20
1177290919638257665,"Un grupo de entre 4 y 6 sujetos rob√≥ una casa habitaci√≥n en la colonia Lomas Independencia, llegan a bordo de un au‚Ä¶ https://t.co/WF5s87s1p4",2019-09-26 18:36:42
1177264509171326977,Asaltantes de tiendas de autoservicio en la zona de Oblatos y Santa Cecilia @AlertaGDL https://t.co/z0pqGu0JY2,2019-09-26 16:51:46
1177252846560890880,RT @PoliciaZapopan: Polic√≠as de #Zapopan detienen a sujeto y aseguran identificaciones al parecer ap√≥crifas en la colonia Arcos de Guadalup‚Ä¶,2019-09-26 16:05:25
1177252828374425602,"RT @PoliciaZapopan: Durante la jornada nocturna, elementos del Escuadr√≥n Motorizado lograron frustrar el robo de un veh√≠culo en calles de l‚Ä¶",2019-09-26 16:05:21
1177252815258804224,"RT @PoliciaZapopan: Durante la madrugada de hoy, polic√≠as de #Zapopan lograron la detenci√≥n de un sujeto justo al momento en que fue sorpre‚Ä¶",2019-09-26 16:05:18
1177252801648324608,"RT @PoliciaZapopan: Esta ma√±ana, un sujeto fue detenido justo al momento en que fue sorprendido tratando de sustraer pertenencias del inter‚Ä¶",2019-09-26 16:05:14
1177057502007050240,"RT @vecinostrabajan: Este par de sujetos asalt√≥ una tintorer√≠a en Garibaldi, Col. Ladr√≥n de Guevara. https://t.co/XmzECqWGJg",2019-09-26 03:09:11
1176972638629093378,"Detenido en el oriente de la ciudad por robo de veh√≠culos, fue identificado como Juan ""N"" https://t.co/IBnt8Dr8Sf",2019-09-25 21:31:58
1176895921407197184,Ladr√≥n de casa habitaci√≥n detenido en la colonia Parques del Nilo @AlertaGDL https://t.co/FEj8YfDKTj,2019-09-25 16:27:07
1176877565132193797,"RT @PoliciaTonala: En atenci√≥n a reporte ciudadano de una persona retenida en la Col. Centro #Tonal√°, logramos detener a V√≠ctor ‚ÄúN‚Äù, quien‚Ä¶",2019-09-25 15:14:11
1176625994083385345,@PACOSA_MX https://t.co/ssD5dQQYgo,2019-09-24 22:34:32
1176613002591666176,"RT @PoliciaTonala: Tras atender un reporte ciudadano en la colonia Jalisco #Tonal√°, logramos detener a Juan ‚ÄúN‚Äù y al adolescente Alan ‚ÄúN‚Äù q‚Ä¶",2019-09-24 21:42:54
1176575000800718849,Esta ma√±ana fue encontrado el cadaver de un hombre con un letrero se√±alandolo de ladr√≥n en Fraccionamiento Campo Be‚Ä¶ https://t.co/ikp2VM49IJ,2019-09-24 19:11:54
1176520130567626753,"RT @AlertaGDL: Ratero que hace de las suyas en la Col Ladr√≥n de Guevara, y Providencia, en #Guadalajara. https://t.co/heoG3j5bSw",2019-09-24 15:33:52
1176519978452799488,"RT @PoliciaTonala: Tras atender un reporte ciudadano de una persona retenida  en la colonia Santa Paula  #Tonal√°, logramos detener a Franci‚Ä¶",2019-09-24 15:33:16
1176255542697705472,Cinco sujetos y una mujer asaltaron a pasajeros de la ruta 358 en la colonia El Sauz. https://t.co/aQY3T5sde2,2019-09-23 22:02:29
1176237932044115970,Detenido el dia de ayer por varias personas luego de asaltar en Francisco de Ayza y la calle 32. https://t.co/5nlPiivPGY,2019-09-23 20:52:31
1176236258755932166,Cuatro sujetos asaltaron el pasado sabado una casa de empe√±o ubicada en Centro Sur. https://t.co/XSowFltIbs,2019-09-23 20:45:52
1176209107021230081,"Ambos son vecinos de la colonia Esperanza,el complice que logr√≥ escapar se llama Leonardo Emanuel Rodriguez Luna. https://t.co/meqhenpDmc",2019-09-23 18:57:58
1176208662538227712,"Un ladron de vehiculos fue detenido y golpeado por varias personas en la colonia Esperanza, iba en compa√±ia de otro‚Ä¶ https://t.co/bXH3SEa4fG",2019-09-23 18:56:12
1176192205058240513,"Este sujeto fue detenido luego de asaltar a un taxista con un cuchillo, el chofer lo subi√≥ en la colonia Echeverria‚Ä¶ https://t.co/S3twofwsZO",2019-09-23 17:50:48
1176178980660998145,"RT @PoliciaTonala: Dentro de nuestro recorrido de vigilancia  en calles de la colonia Loma Dorada #Tonal√°, logramos detener a Alejandro ‚ÄúN‚Äù‚Ä¶",2019-09-23 16:58:15
1176178326089547777,"RT @ManuFC699: 22 de septiembre 
Dos sujetos Roban una moto estacionada afuera de un domicilio en la colonia Circunvalaci√≥n Belisario por l‚Ä¶",2019-09-23 16:55:39
1176178261081985024,"RT @Nandoca1588: Eh aqu√≠ cuando, piensas. ""Mejor muertos, que sueltos"" Estos angelitos, trabajadores de la empresa #ontime ya sacaron pa' l‚Ä¶",2019-09-23 16:55:24
1175465570252328960,"RT @PoliciaTonala: En atenci√≥n a un reporte ciudadano en la colonia Rancho de la Cruz #Tonal√°, logramos detener a Edgar ‚ÄúN‚Äù, quien es se√±al‚Ä¶",2019-09-21 17:43:25
1175463972532711424,Detenido por varias personas luego de asaltar una farmacia y golpear a una empleada en San Juan Bosco. https://t.co/DFLqKTJb5u,2019-09-21 17:37:04
1175445896697278464,RT @AlertaVialZMG: #Video Este es el momento exacto en que una c√°mara capta a esta pareja realizando el robo de autopartes en la zona de Pr‚Ä¶,2019-09-21 16:25:15
1175184129073139712,"Dos sujetos armados asaltaron a una persona en la calle San Gabriel colonia Lomas de San Miguen en Tlaquepaque, huy‚Ä¶ https://t.co/KANDQ2i0f3",2019-09-20 23:05:04
1175181215613083648,estos mismos robaron en patria y acueducto. https://t.co/a1r044p724,2019-09-20 22:53:30
1175181020561207296,Sujetos a bordo de un jetta blanco cristalean un vehiculo en la avenida Patria cerca de Andares. https://t.co/JFJM9vURkd,2019-09-20 22:52:43
1175177225592684550,https://t.co/DLrn4lTtBs,2019-09-20 22:37:38
1175176905965785088,Dos sujetos roban las bolsas a dos mujeres y ademas se llevan su camioneta en la calle Industria y la calle 58 . https://t.co/iD1Fs5PFGh,2019-09-20 22:36:22
1175176676738621440,Otro ladr√≥n tambien en la misma colonia. https://t.co/2J4z2wK6gC,2019-09-20 22:35:28
1175176459305943041,"Asaltante de negocios en la colonia Independencia, fue en la calle Monte San Elias. https://t.co/jbZZ9o8bIL",2019-09-20 22:34:36
1175118693547880448,El cadaver de una persona fue encontrado en la calle Acueducto colonia Artesanos en Tlaquepaque. https://t.co/NRomC3VGPW,2019-09-20 18:45:03
1175117745769390081,RT @REDTNJalisco: Macabro hallazgo en¬†Tala https://t.co/byVrCigpx0 https://t.co/PXhpsqPX9H,2019-09-20 18:41:17
1175077702853771264,Detenido por asaltar un chofer de uber en San Martin de las Flores. https://t.co/qeFiPnPhhB,2019-09-20 16:02:10
1174864543262158849,"RT @ComisariaTlaq: POLIC√çAS Y ELEMENTOS DE LA GUARDIA NACIONAL DETIENEN A PRESUNTO ASALTANTE 

Se le relaciona con atracos similares a chof‚Ä¶",2019-09-20 01:55:09
1174814178164391936,@MatasLiz @vecinostrabajan @LGuevaraCol el domicilio que tenia la ultima vez que lo detuvieron era calle Ermita en Chapalita.,2019-09-19 22:35:01
1174813737674399749,Detenido en el centro de Guadalajara por varias personas luego de asaltar a una mujer @AlertaGDL https://t.co/faSugufgKg,2019-09-19 22:33:16
1174802572030332929,@l4nd3t4 https://t.co/qHys9UeC5d,2019-09-19 21:48:54
1174798752231514112,RT @ColoniaJalisco: Otro √°ngulo de la c√°mara @INSEGURIDAD_GDL @JaliscoRojo https://t.co/Go9gSMshwe,2019-09-19 21:33:43
1174798731457093632,"RT @ColoniaJalisco: Nuevamente intentaron entrar a robar en la Veterinaria Lunela ubicada en la @ColoniaJalisco.
Esto ocurri√≥ el d√≠a de hoy‚Ä¶",2019-09-19 21:33:38
1174755096862711808,Ladr√≥n de tiendas de autoservicio en gdl. https://t.co/JXfkJxC0EN,2019-09-19 18:40:15
1174717583389380609,"RT @PoliciaTonala: En atenci√≥n a reporte ciudadano en la Col. Centro #Tonal√°, logramos detener a Everardo ‚ÄúN‚Äù y Edgar ‚ÄúN‚Äù, quienes son se√±a‚Ä¶",2019-09-19 16:11:11
1174717531338096640,@Jalisco_Rojo Viven en la zona de arcadio urcelay y rebeca uribe en el zalate.,2019-09-19 16:10:59
1174555246984650752,Dos sujetos asaltaron un negocio en la calle Ramon Silva colonia Aaron Joaquin @Jalisco_Rojo https://t.co/GkJTxRKN99,2019-09-19 05:26:07
1174446248134201344,RT @PoliciaZapopan: En ambos casos los montos fueron recuperados y los sujetos remitidos ante el Ministerio P√∫blico para determinar su situ‚Ä¶,2019-09-18 22:13:00
1174446103850188800,"RT @PoliciaZapopan: La tarde de este lunes, un sujeto fue detenido luego de ser sorprendido sustrayendo cableado de una empresa de telefon√≠‚Ä¶",2019-09-18 22:12:25
1174446036720291841,"RT @PoliciaZapopan: Al menos dos de ellos cuentan con detenciones previas por distintos motivos.

Aqu√≠ te compartimos los detalles: https:/‚Ä¶",2019-09-18 22:12:09
1174429601176506369,"RT @PoliciaTonala: En atenci√≥n a reporte ciudadano en la colonia El Jazm√≠n #Tonal√°, logramos detener a Fernando ‚ÄúN‚Äù al momento que realizab‚Ä¶",2019-09-18 21:06:51
1174419846265589760,Ladr√≥n detenido en Lomas de Tlaquepaque. https://t.co/k5XaclBBm2,2019-09-18 20:28:05
1174389455655858177,Banda de ladrones de vehiculos en la ZMG. @AlertaGDL https://t.co/DOsgh8DUy0,2019-09-18 18:27:19
1174374182555013120,El momento donde un sujeto baja de un vehiculo para disparar en contra de la empleada de Coprisjal en Lazaro Carden‚Ä¶ https://t.co/CfGldURpIp,2019-09-18 17:26:38
1174145672955740160,"RT @ComisariaTlaq: DOS DETENIDOS POR ASALTO A ESTUDIANTE

Elementos de la Comisar√≠a de la Polic√≠a Preventiva Municipal de San Pedro Tlaquep‚Ä¶",2019-09-18 02:18:37
1174081708385329153,Este sujeto fue detenido cuando se encontraba al interior de un auto que previamente hab√≠a cristaleado en la coloni‚Ä¶ https://t.co/pScvG6tvue,2019-09-17 22:04:27
1174063653282172928,"El dia de hoy dos hombres y una mujer fueron ejecutados en la carretera a saltillo en Zapopan, junto a ellos quedo‚Ä¶ https://t.co/Lc60qKKr7j",2019-09-17 20:52:42
1174050588780195840,Robo de una auto jetta placas RFA9693 en la calle Reforma en el centro de Tlaquepaque https://t.co/8j1Y750lGW,2019-09-17 20:00:47
1174034889605140480,"RT @PoliciaZapopan: La tarde de este lunes, polic√≠as de #Zapopan lograron la detenci√≥n de un sujeto y la recuperaci√≥n de un veh√≠culo que mi‚Ä¶",2019-09-17 18:58:24
1173817005603991552,Este sujeto rob√≥ un restaurante ubicado en la avenida La Paz en la colonia Americana. @AlertaGDL https://t.co/AfGvraYdvf,2019-09-17 04:32:37
1173746324308729857,"RT @LGuevaraCol: Tipo flaco de bici con reflejantes #Rata Ladron, abrio un auto y robo cosas en Eulogio Parra y Agustin de la Rosa a las 6:‚Ä¶",2019-09-16 23:51:45
1173722732942565376,"RT @PoliciaTonala: Tras atender reporte ciudadano de una persona retenida, en calles de la colonia Constancio Hern√°ndez #Tonal√°, logramos d‚Ä¶",2019-09-16 22:18:00
1173717513131237380,"RT @ComisariaTlaq: DOS DETENIDOS A BORDO DE MOTOCICLETA ROBADA
 
Elementos de la Comisar√≠a de la Polic√≠a Preventiva Municipal de San Pedro‚Ä¶",2019-09-16 21:57:16
1173355942114729985,Ladr√≥n detenido por vecinos Lomas del Mirador etapa 5 https://t.co/vBF197Ck5j,2019-09-15 22:00:31
1173273251361021954,"RT @PoliciaZapopan: #Ent√©rate En distintos hechos, durante la jornada de fin de semana, dos sujetos fueron detenidos por su presunta partic‚Ä¶",2019-09-15 16:31:56
1173273138102251525,"RT @PoliciaZapopan: Durante las primeras horas de este s√°bado, polic√≠as de Zapopan lograron la detenci√≥n de un sujeto armado en calles de l‚Ä¶",2019-09-15 16:31:29
1173270589156528128,"RT @PoliciaZapopan: #Ent√©rate La tarde de este s√°bado, elementos de ""Bases de Operaci√≥n Interinstitucional"" lograron la detenci√≥n de un suj‚Ä¶",2019-09-15 16:21:21
1173077480741232640,Este sujeto asalt√≥ a un chofer repartidor de cigarros en El Alamo @alertagdl https://t.co/f8W9VHfRS0,2019-09-15 03:34:00
1172923290928549888,"RT @PoliciaZapopan: #Ent√©rate, durante la jornada nocturna polic√≠as de #Zapopan detuvieron a un presunto ladr√≥n en la colonia tabachines.‚Ä¶",2019-09-14 17:21:19
1172923223412920320,RT @PoliciaZapopan: #Ent√©rate Vinculan a proceso a dos presuntos ladrones de robo con violencia de un auto en la colonia Balcones de la Can‚Ä¶,2019-09-14 17:21:02
1172922986942230530,"RT @PoliciaZapopan: Durante la tarde de ayer, polic√≠as de #Zapopan lograron la detenci√≥n de un sujeto cuando tripulaba un veh√≠culo robado m‚Ä¶",2019-09-14 17:20:06
1172922946316189696,"RT @PoliciaZapopan: Durante la madrugada de hoy, polic√≠as de #Zapopan lograron la detenci√≥n de un sujeto armado en calles de la colonia Lom‚Ä¶",2019-09-14 17:19:56
1172910744628682753,Ladr√≥n detenido en la colonia San Eugenio @AlertaGDL https://t.co/U6VR0MIEPY,2019-09-14 16:31:27
1172901831669796864,"RT @AlertaVialZMG: #Video Dos sujetos asaltan una unidad del transporte p√∫blico, la c√°mara de seguridad del cami√≥n logr√≥ grabar el momento‚Ä¶",2019-09-14 15:56:02
1172615334869651456,"RT @AlertaVialZMG: #Ladr√≥n Un sujeto circula en un veh√≠culo en color rojo, elige un autom√≥vil, rompe el cristal y roba los objetos que est√°‚Ä¶",2019-09-13 20:57:36
1172615273465016321,"RT @PoliciaTonala: Tras atender reporte ciudadano de una persona retenida, en calles de la colonia Loma Dorada #Tonal√°, logramos detener a‚Ä¶",2019-09-13 20:57:21
1172601403618938881,"Dos sujetos forzaron la cortina de un negocio para robar durante la madrugada,esta ubicado en la calle Elias Villal‚Ä¶ https://t.co/55CYuFvZMv",2019-09-13 20:02:15
1172576189027799040,"Ladr√≥n de casa habitaci√≥n en la colonia La Estancia, ese mismo sujeto es se√±alado por varios robos en las colonias‚Ä¶ https://t.co/gRc0gObwyO",2019-09-13 18:22:03
1172559561808465920,"RT @PoliciaTonala: Dentro del recorrido de vigilancia en la colonia Santa Paula #Tonal√°, logramos detener a Abraham ‚ÄúN‚Äù y √Ångeles ‚ÄúN‚Äù, los‚Ä¶",2019-09-13 17:15:59
1172535464349159425,"RT @NotiGDL: Durante un aparente asalto, un hombre recibi√≥ un disparo de bala en la colonia San Agust√≠n en Tlajomulco de Z√∫√±iga.

Sus famil‚Ä¶",2019-09-13 15:40:14
1172535356983365633,RT @hederzona3: Un despachador herido y un polic√≠a de seguridad privada muerto por disparos de armas de fuego fue el saldo de un asalto a u‚Ä¶,2019-09-13 15:39:48
1172534505380298753,@carc1908 @LGuevaraCol @AlertaGDL @retioGDL @_EnGdl @FiscaliaJal @PoliciasGDL ya ha sido detenido varias veces pero sale libre.,2019-09-13 15:36:25
1172280635228135424,Esta mujer rob√≥ un celular el dia de hoy en la zona de Obregon @AlertaGDL https://t.co/ZWvuW0giWn,2019-09-12 22:47:38
1172190467598909440,"RT @ComisariaTlaq: En recorrido de vigilancia en la colonia San Pedrito, lograron la detenci√≥n de un hombre a bordo de una Italika 125cc.,‚Ä¶",2019-09-12 16:49:20
1172181934337748992,@AlertaGDL MOISES EFRAIN SIGALA https://t.co/HYgpANU8C6,2019-09-12 16:15:25
1172178786445430784,@vecinostrabajan @LGuevaraCol Se trata de Paul Jonathan Castellanos Gonzalez ha sido detenido varias veces por robo‚Ä¶ https://t.co/MhSkDlvCuZ,2019-09-12 16:02:55
1172178152287698944,Un sujeto robo un negocio ubicado en la calle Amado Nervo colonia Ladr√≥n de Guevara. @vecinostrabajan @LGuevaraCol https://t.co/xR7kpi1Rm9,2019-09-12 16:00:24
1171988416453632006,"RT @ManuFC699: Este rata üêÅ ha robado en diferentes viviendas de la colonia Mariano Otero, se brinca por las bardas para ingresar. Recientem‚Ä¶",2019-09-12 03:26:27
1171896162640486400,"RT @PoliciaTonala: Dentro del recorrido de vigilancia en calles de la colonia Loma Dorada  #Tonal√°,  logramos detener a Diego ‚ÄúN‚Äù quien cir‚Ä¶",2019-09-11 21:19:52
1171881516491653120,@Bayron15Yael los soltaron y el dia de hoy el sujeto fue golpeado por vecinos de la colonia Guadalupana al intentar‚Ä¶ https://t.co/tSeYTrlaB1,2019-09-11 20:21:40
1171856652351549446,Robo de autopartes en la colonia Lagos de Oriente https://t.co/ceMnnZR6pr,2019-09-11 18:42:52
1171820965455523840,"RT @PoliciaTonala: En atenci√≥n a reporte ciudadano en la colonia Altamira #Tonal√°, logramos detener a Josu√© ‚ÄúN‚Äù, √Ångel ‚ÄùN‚Äù y Ricardo ‚ÄúN‚Äù, q‚Ä¶",2019-09-11 16:21:04
1171820927035686912,"RT @PoliciaTonala: En la inspecci√≥n se les asegur√≥ una arma de fuego del calibre .22 con tres cartuchos √∫tiles al calibre, al consultar sus‚Ä¶",2019-09-11 16:20:55
1171818470805131264,"RT @Partiderode10: #Jalisco‚îÇHasta el momento han sido localizadas 105 bolsas con restos humanos en La Primavera, en Zapopan. La exploraci√≥n‚Ä¶",2019-09-11 16:11:09
1171806013927743488,Durante la madrugada sujetos armados intentaron quemar dos patrullas que estaban en reparaci√≥n en la colonia Las Pi‚Ä¶ https://t.co/M4QuS26OnS,2019-09-11 15:21:39
1171648076408414208,"Este dos ladrones fueron detenidos por robo a casa habitaci√≥n, son se√±alados por varios robos en la zona de Colinas‚Ä¶ https://t.co/nDl3E0AIaK",2019-09-11 04:54:04
1171647389951758336,Motoladrones en la zona del Hospital Civil y Centro Medico . https://t.co/fnTYOB7jKZ,2019-09-11 04:51:20
1171633514095271938,RT @PorAmorAEllxs: #ATENCI√ìN Compartimos datos y caracter√≠sticas de cuerpos en el Instituto Jalisciense de Ciencias Forenses para la identi‚Ä¶,2019-09-11 03:56:12
1171538865967919104,Este sujeto rob√≥ un vehiculo seat negro en la calle Frias casi esquina Independencia en Guadalajara. https://t.co/Aqv7Wq1Doa,2019-09-10 21:40:06
1171534681856020480,"RT @PoliciaZapopan: Durante la madrugada de este lunes, elementos de la polic√≠a de #Zapopan lograron la detenci√≥n de un sujeto por su presu‚Ä¶",2019-09-10 21:23:28
1171534288187056129,"RT @ComisariaTlaq: MUJER DETENIDA POR AGRESI√ìN CON ARMA DE FUEGO
 
Se logr√≥ recuperar la pistola con la cual dio cachazos a otra femenina‚Ä¶",2019-09-10 21:21:55
1171534265453961223,"RT @ComisariaTlaq: DOS DETENIDOS CON OCHO DOSIS DE DROGA

Al momento de su captura, ambos tra√≠an cuatro dosis casa uno

Elementos de la Com‚Ä¶",2019-09-10 21:21:49
1171533902411812867,"RT @ComisariaTlaq: Detienen a dos sujetos por robo y portaci√≥n de arma de fuego
Detalles:https://t.co/gXmhbu6uF7

#HagamosNuestraLaSegurida‚Ä¶",2019-09-10 21:20:23
1171483897688809474,Indigente ingresa a robar en un negocio de la zona de  Mexicaltzingo y Montenegro. https://t.co/I4aPMSTIBR,2019-09-10 18:01:40
1171454890020720640,Ladrones de vehiculos con arma de fuego en la zona metropolitana de Guadalajara @AlertaGDL @Jalisco_Rojo https://t.co/vWhjAw5pV1,2019-09-10 16:06:25
1171454607844765697,"Asaltante de negocios y personas en la zona de Las Huertas,Fraccionamiento Revolucion y San Martin de las Flores. L‚Ä¶ https://t.co/LR4WumHrGI",2019-09-10 16:05:17
1171452739475275777,"RT @PoliciaTonala: En atenci√≥n a reporte ciudadano en la colonia Loma Dorada #Tonal√°, logramos detener a Geovanni ‚ÄúN‚Äù, el cual es plenament‚Ä¶",2019-09-10 15:57:52
1171452427742003202,"@beaflochet bodega de Fiscalia en la calle 18 entre calle 1 y la 3 en la zona industrial, lunes a viernes, de 09:00‚Ä¶ https://t.co/dbvxU0nE3Y",2019-09-10 15:56:37
1171271299353780224,"RT @AlertaGDL: üö® Dos sujetos intentaron robar una camioneta en L√≥pez Mateos afuera del fracc. Casa Fuerte #Tlajomulco, sin embargo el condu‚Ä¶",2019-09-10 03:56:53
1171251486254407681,RT @ManuFC699: @INSEGURIDAD_GDL https://t.co/zDKb4Idtrm,2019-09-10 02:38:09
1171134958380806144,@chrtorre  en que colonia fue?,2019-09-09 18:55:07
1171102782067052546,"RT @FormulaJalisco: Suman 75 bolsas con restos humanos localizadas en un pozo cerca de La Primavera en Zapopan. A seis d√≠as del hallazgo, p‚Ä¶",2019-09-09 16:47:15
1171100767882625024,"RT @PoliciaTonala: En atenci√≥n a reporte de ciudadano en calles de la colonia Camichines #Tonal√°, logramos detener a Carlos ‚ÄúN‚Äù y Noe ‚ÄúN‚Äù,‚Ä¶",2019-09-09 16:39:15
1170866111035953157,Este sujeto de rob√≥ un vehiculo en la colonia Villa Guerrero https://t.co/LsKrCZR2gV,2019-09-09 01:06:49
1170859192774737921,"RT @PoliciaTonala: En atenci√≥n a reporte ciudadano en el Fraccionamiento Valle del Sol #Tonal√°, logramos detener a Fernando ‚ÄúN‚Äù quien circu‚Ä¶",2019-09-09 00:39:19
1170442680079458311,"RT @PoliciaTonala: En atenci√≥n a reporte ciudadano de personas retenidas en la colonia Coyula #Tonal√°, logramos detener a Luis ‚ÄúN‚Äù y Arturo‚Ä¶",2019-09-07 21:04:15
1170398130493251584,"RT @PoliciaTonala: En el recorrido de vigilancia en la colonia Residencial del Prado #Tonal√°, logramos detener a Jes√∫s ‚ÄúN‚Äù, Roberto ‚ÄúN‚Äù, Pe‚Ä¶",2019-09-07 18:07:13
1170363520396877824,"RT @PoliciaTonala: En el recorrido de vigilancia en la Col. Loma Dorada  #Tonal√°, logramos detener a Ra√∫l ‚ÄúN‚Äù y Josu√© ‚ÄúN‚Äù, a quienes en la‚Ä¶",2019-09-07 15:49:42
1170104230675222528,"RT @AlertaGDL: Rata con el bien trabajado truco del billete de $200. Pide 2 s√°ndwich, mientras con su platica distrae a los empleados, pide‚Ä¶",2019-09-06 22:39:22
1170100340324126720,@tonaladehoy https://t.co/1WGO5HQrhZ,2019-09-06 22:23:55
1170100259361456128,Ladrones de casa habitaci√≥n en la colonia Vistas del Pedregal en Tonala @tonaladehoy https://t.co/kyKd1lB4R1,2019-09-06 22:23:35
1170095999089438720,Un sujeto armado asalt√≥ un negocio en San Miguel de Huentitan. https://t.co/dVmBeMT9bH,2019-09-06 22:06:40
1170082472198934528,Detenido en la zona centro de Guadalajara en posesi√≥n de un arma de fuego @Jalisco_Rojo https://t.co/d8uRkPiV30,2019-09-06 21:12:55
1170077944359739393,Ladrones de autopartes en eulogio parra y ghilardi. https://t.co/oFgeLFyhzf,2019-09-06 20:54:55
1170076233725444096,Este sujeto rob√≥ un negocio en la colonia Bosques de Tonala. https://t.co/w04tkRP6at,2019-09-06 20:48:07
1170073726940958720,Los dos sujetos que fueron detenidos ayer en la colonia 5 de mayo a bordo de una lobo blanca y en posesi√≥n de armas‚Ä¶ https://t.co/Mgw2Nizkpn,2019-09-06 20:38:10
1170031403851030528,Locatarios cachan a mujer robando pantalones y la envolvieron como paquete en Medrano https://t.co/NVaJWFSqvx,2019-09-06 17:49:59
1170027187543523328,"RT @ComisariaTlaq: En las inmediaciones de la colonia Central Camionera Nueva, elementos de @ComisariaTlaq llevaron a cabo la detenci√≥n de‚Ä¶",2019-09-06 17:33:14
1170009194650427392,"RT @l4nd3t4: #Amatitan #Jalisco Imagen

Esta Ma√±ana Reportan Civiles Armados Emboscan a Polic√≠as Estatales en Brecha Que Conecta A Los Tepe‚Ä¶",2019-09-06 16:21:44
1169998559116066816,Ladrones de autopartes en la colonia del Fresno @AlertaGDL https://t.co/XwRwD2Y0a5,2019-09-06 15:39:28
1169677750673629184,"RT @PoliciaTonala: En atenci√≥n a reporte ciudadano en la colonia Jalisco¬† #Tonal√°, logramos detener a Juan ‚ÄúN‚Äù Y Fernando ‚ÄúN‚Äù los cuales so‚Ä¶",2019-09-05 18:24:41
1169666487763820546,Esta mujer roba al interior de una tienda de autoservicio ubicada a la altura del Parque industrial IBM en el Salto https://t.co/FSd1Fmnw6T,2019-09-05 17:39:56
1169439646528548865,@goigoflowers @PoliciaGDL son simbolos que utilizan brigadistas de la secretaria de salud,2019-09-05 02:38:33
1169361316969975808,"RT @ManuFC212: Sujeto armado robo en un oxxo de gigantes y san jacinto
@INSEGURIDAD_GDL
@AlertaGDL
@Jalisco_Rojo https://t.co/oh2Y42TRK5",2019-09-04 21:27:18
1169356901848473600,"RT @PoliciaZapopan: #Ent√©rate  Polic√≠as de #Zapopan detienen a dos presuntos ladrones en Unidad Habitacional U.A.G.
https://t.co/0i6pXmTRBS‚Ä¶",2019-09-04 21:09:45
1169352128197849088,"RT @PoliciaTonala: Tras atender reporte ciudadano en la colonia Jalisco #Tonal√°, logramos detener a Ram√≥n ‚ÄúN‚Äù y Brian ‚ÄúN‚Äù quienes se encont‚Ä¶",2019-09-04 20:50:47
1169352026351796224,"RT @PoliciaTonala: Dentro del recorrido de vigilancia en la colonia Paseo de las Ca√±adas #Tonal√°, logramos detener a Oscar ‚ÄúN‚Äù quien se enc‚Ä¶",2019-09-04 20:50:23
1169308965911400448,Varios sujetos robaron una camioneta el fin de semana pasado en la calle Mezquitan en el centro de la ciudad‚Ä¶ https://t.co/v1KQ5jIK3m,2019-09-04 17:59:16
1169294130435874818,RT @AlertaGDL: üÜò El pasado 27 de agosto a las 3 PM fue robado este minisuper en la calle Javier Mina #77 en la Col Uni√≥n del Cuatro #Tlajom‚Ä¶,2019-09-04 17:00:19
1169117295362359297,"RT @AlertaVialZMG: Vecinos del fraccionamiento Misi√≥n Acueducto en Tonal√°, detuvieron a un hombre que es considerado el ladr√≥n de la zona,‚Ä¶",2019-09-04 05:17:39
1169112663294709761,"Detenido luego de robar un vehiculo en la colonia Independencia,es se√±alado por varios robos de autos en la zona.‚Ä¶ https://t.co/DR0VFtwdho",2019-09-04 04:59:14
1169111086274138113,RT @ColoniaJalisco: La @PoliciaTonala detuvo a dos sujetos por circular a bordo de una camioneta Nissan NP300 que contaba con reporte de ro‚Ä¶,2019-09-04 04:52:58
1169110961011249159,"RT @ComisariaTlaq: DOS ADULTOS DETENIDOS Y UN ADOLESCENTE RETENIDO POR ASALTO A TIENDA DE AUTOSERVICIO

Se logr√≥ recuperar el bot√≠n; adem√°s‚Ä¶",2019-09-04 04:52:28
1168957056159748100,Un sujeto rob√≥ un tsuru placas JDP9803 en la colonia Las Juntas. https://t.co/NYqcXqeKNT,2019-09-03 18:40:55
1168921878221807616,"@tonaladehoy @AlertaGDL Son se√±alados con los apodos de ¬¥¬¥pelon,goku y pichon¬¥¬¥ vecinos de las colonias 20 de Novie‚Ä¶ https://t.co/COf4aClFxH",2019-09-03 16:21:07
1168920433040773125,"RT @PoliciaTonala: En el recorrido de vigilancia en calles de la Col. Jalisco #Tonal√°, logramos detener a Juan ‚ÄúN‚Äù y  Arturo ‚ÄúN‚Äù,  quienes‚Ä¶",2019-09-03 16:15:23
1168633726697451520,"RT @PoliciaTonala: En el recorrido de vigilancia en calles de la colonia Loma Dorada #Tonal√°, logramos detener a Pedro ‚ÄúN‚Äù, a quien en la i‚Ä¶",2019-09-02 21:16:07
1168620636928954368,@MtroGomez @tritonazteca11 @Jalisco_Rojo https://t.co/yXObfrhLTF despues de lo del trailer con cadaveres que paseab‚Ä¶ https://t.co/H6Dbq80epR,2019-09-02 20:24:06
1168597623495745537,@Jalisco_Rojo https://t.co/JN9MTjdH7z,2019-09-02 18:52:39
1168584193057574913,Cuatro bolsas con restos humanos fueron encontradas hoy por la ma√±ana en la calle Domingo Loaeza colonia 5 de Mayo‚Ä¶ https://t.co/A3rDGwNe8s,2019-09-02 17:59:17
1168577482045325312,"RT @PoliciaZapopan: Durante la tarde de este domingo, polic√≠as de #Zapopan lograron la detenci√≥n de dos sujetos justo al momento en que se‚Ä¶",2019-09-02 17:32:37
1168565489624203264,Ladr√≥n de casa habitaci√≥n en la colonia Chapalita. @AlertaGDL https://t.co/comD9Z93ch,2019-09-02 16:44:58
1168562684964392960,"RT @PoliciaTonala: En atenci√≥n a reporte ciudadano en la colonia Bosques de #Tonal√°, logramos detener a  Jes√∫s ‚ÄúN‚Äù quien es plenamente se√±a‚Ä¶",2019-09-02 16:33:49
1168562479179259905,@tonaladehoy @AlertaGDL https://t.co/oBAHOpm7uG,2019-09-02 16:33:00
1168562284362207233,Tres sujetos armados asaltan una tienda de abarrotes en Infonavit La Soledad en Tonala https://t.co/QyIUA7Lp4z,2019-09-02 16:32:14
1168550048524668928,@Jalisco_Rojo Soto en Ruben Dario y Jose Maria Vigil.,2019-09-02 15:43:36
1168546814544502784,Asalto a mano armada en un restaurante de la colonia Providencia donde el mesero intent√≥ evitar el robo pero fue ap‚Ä¶ https://t.co/qAH86TMaIY,2019-09-02 15:30:45
1167482998612062208,"RT @PoliciaTonala: Durante la vigilancia en la Col. Jalisco #Tonal√°, logramos detener DIEGO ‚ÄúN‚Äù, quien con violencia sustrajo menaje de un‚Ä¶",2019-08-30 17:03:32
1167457936718778368,"RT @LasNoticiasGDL: üö® #HistoriasDeLaNoche üö®

Hartos de la delincuencia,  vecinos de la colonia Tetl√°n intentaron linchar a un joven de 20 a‚Ä¶",2019-08-30 15:23:57
1167456389960126464,"RT @PoliciaTonala: En la vigilancia preventiva en calles de la Col. Villas de Oriente #Tonal√°, logramos detener a Javier ‚ÄúN‚Äù, Jorge ‚ÄúN‚Äù y B‚Ä¶",2019-08-30 15:17:48
1167204253116448768,"RT @PoliciaTonala: En atenci√≥n a reporte ciudadano en la colonia San Gaspar #Tonal√°, logramos detener a Luis ‚ÄúN‚Äù quien es se√±alado de compo‚Ä¶",2019-08-29 22:35:54
1167181606018113537,Roban una mochilas de un auto estacionado en mariano otero frente a los arcos del milenio https://t.co/ZDYMtME8X6,2019-08-29 21:05:54
1167109037483266049,Sujetos despojan a un comensal de sus pertenencias cerca de Plazas Outlet https://t.co/vs6awPcLJI,2019-08-29 16:17:33
1166835508992868353,"RT @PoliciaZapopan: Polic√≠as de Zapopan detienen a presunto ladr√≥n de casa habitaci√≥n en Tabachines

Aqu√≠ te compartimos los detalles. 

ht‚Ä¶",2019-08-28 22:10:38
1166789498497142784,Ladrones de casa habitaci√≥n en la colonia Alcalde Barranquitas. https://t.co/tKjzN4KhZW,2019-08-28 19:07:48
1166789129687818240,Asalto a chofer de la ruta 611 en Gdl. https://t.co/qkKxwGCOFd,2019-08-28 19:06:21
1166748698572804096,"RT @AlertaVialZMG: Diversas denuncias de asaltos violentos a mano armada en los establecimientos de comida cercanos a las Plazas Outlet, ce‚Ä¶",2019-08-28 16:25:41
1166477698408931328,Robo a negocio en la colonia Americana @AlertaGDL https://t.co/MYdXfif57I,2019-08-27 22:28:50
1166468738385874946,"Ladrones fueron captados cuando robaban una camioneta una camioneta con placas MAY4170, los propietarios de la unid‚Ä¶ https://t.co/WNfRSgMtWq",2019-08-27 21:53:13
1166467339149172736,Benito Santos Romay lider del CJNG en la ZMG fue detenido en Aguascalientes en compa√±ia de otros cinco sujetos en p‚Ä¶ https://t.co/l1JERuTgWd,2019-08-27 21:47:40
1166413122929864706,@maurici49437110 @AlertaGDL Las Juntas,2019-08-27 18:12:14
1166180089685512192,Tres de los cinco sujetos integrantes del cjng que fueron detenidos luego de ejecutar a los hombres a bordo del aut‚Ä¶ https://t.co/7rtdyPqH6K,2019-08-27 02:46:14
1166176312010137601,"RT @PoliciaZapopan: #Enterate, durante la jornada nocturna, un presunto ladr√≥n de negocio fue detenido y un arma de fuego asegurada, en hec‚Ä¶",2019-08-27 02:31:13
1166175807045345281,"RT @ComisariaTlaq: Detienen a dos masculinos con droga y por robo de celular
Detalles:https://t.co/Pl6MXpaT27
#HagamosNuestraLaSeguridad
Re‚Ä¶",2019-08-27 02:29:13
1166083304962936832,"RT @PoliciaTonala: En la vigilancia preventiva en calles de la col. Loma Dorada  #Tonal√°, logramos detener a Cristian ‚ÄúN‚Äù y Carlos ‚ÄúN‚Äù quie‚Ä¶",2019-08-26 20:21:39
1166082519353020416,"RT @ComisariaTlaq: DETENIDO CON DROGA 

En las inmediaciones de la colonia La Duraznera, elementos de esta Comisaria llevaron a cabo la det‚Ä¶",2019-08-26 20:18:32
1166082371315064832,"RT @ComisariaTlaq: DETENIDO CON MOTOCICLETA ROBADA 

Elementos de la Comisaria de la Polic√≠a Preventiva Municipal de San Pedro Tlaquepaque,‚Ä¶",2019-08-26 20:17:56
1166081280456314880,"Dos sujetos robaron algunos articulos de una escuela en la colonia Las Juantas,policias municipales lograron recupe‚Ä¶ https://t.co/zhAemYWg0T",2019-08-26 20:13:36
1166077945816838144,"RT @ComisariaTlaq: Detienen a masculino por portaci√≥n de arma fuego 
Detalles: https://t.co/Ge6loJWTIg
 
#HagamosNuestraLaSeguridad
Reporte‚Ä¶",2019-08-26 20:00:21
1166049203694342144,"RT @PoliciaZapopan: Durante este fin de semana, polic√≠as de #Zapopan en coordinaci√≥n con personal del C5 Zapopan lograron la detenci√≥n de u‚Ä¶",2019-08-26 18:06:08
1166043471351701504,https://t.co/Gb8kY1gdUf,2019-08-26 17:43:22
1166043339130458112,Un sujeto intent√≥ robar dentro de una casa ubicada en la calle salvador novo en jardines de la paz. https://t.co/YOGVReF6ey,2019-08-26 17:42:50
